index,base_score,finetuned_score,difference
79,0.3183286259921053,0.7687103752188699,0.4503817492267645
45,0.2923339774549791,0.717495317632335,0.4251613401773559
64,0.2282311398972701,0.6313503607020029,0.4031192208047327
63,0.2703502103501635,0.673292217574094,0.4029420072239305
7,0.3037396062365629,0.7011353198573176,0.3973957136207547
25,0.3817505975655357,0.7546127155819021,0.3728621180163664
14,0.2687188358638956,0.6103618302733144,0.3416429944094187
33,0.4571628900363464,0.7393673960906176,0.2822045060542712
66,0.2940701231314092,0.5729560213940192,0.27888589826261
60,0.6487301773894727,0.9173738958843176,0.268643718494845
18,0.3195788416585793,0.5861461838764398,0.2665673422178605
41,0.3003857702856607,0.5610451301065731,0.2606593598209124
59,0.3301179518029978,0.5889595265100532,0.2588415747070554
52,0.5639109646579255,0.8224095693282064,0.2584986046702809
46,0.5169492216146883,0.7720294967081438,0.2550802750934555
91,0.3563705036331032,0.594863524850179,0.2384930212170757
43,0.2207307616667418,0.4442288410627894,0.2234980793960475
89,0.3989274746792388,0.6219957005515919,0.2230682258723531
6,0.2689262575917329,0.4917431215937068,0.2228168640019738
37,0.3495019122726182,0.5701265738088871,0.2206246615362689
